[{"model": "auth.user", "fields": {"password": "pbkdf2_sha256$1000000$2ITb5p6JPaJ0iQyXlC4lKy$W8pJOYOFXGkJxbz7ZDfGswZEfCis1hIO6EXst8R3FfY=", "last_login": "2025-08-12T06:53:02.697Z", "is_superuser": true, "username": "olale", "first_name": "", "last_name": "", "email": "olaleyetobi3@gmail.com", "is_staff": true, "is_active": true, "date_joined": "2025-07-15T14:50:30.152Z", "groups": [], "user_permissions": []}}, {"model": "auth.user", "fields": {"password": "pbkdf2_sha256$1000000$bKg5dtO2JOWiwtmMLNkGTs$DPRBEOgVfJ2YGq+A580qvohpjw+vGPDTdXr+GL+jhhw=", "last_login": "2025-08-25T10:33:48.577Z", "is_superuser": false, "username": "tola", "first_name": "", "last_name": "", "email": "", "is_staff": false, "is_active": true, "date_joined": "2025-08-08T15:09:26.903Z", "groups": [], "user_permissions": []}}, {"model": "sessions.session", "pk": "4q2d6xyqtrydo9nfbvehfhqroc9cp7vp", "fields": {"session_data": ".eJxVjDsOwjAQBe_iGlnYyfpDSZ8zWOvdFQ4gW4qTCnF3iJQC2jcz76USbmtJW5clzawuyqjT75aRHlJ3wHest6ap1XWZs94VfdCup8byvB7u30HBXr61h0ge7Dk4JjCWOKADociCdozeBAtMoxCGEF0EM6JIzJloEAwDOPX-AN3bOB8:1uesK5:VhMI646jctufhVvl6r88NQ55zJ8uDBROvHASeD9fM-I", "expire_date": "2025-08-07T09:33:09.116Z"}}, {"model": "sessions.session", "pk": "6hav5gcdjjii1f89f880ohupyoyuaeqv", "fields": {"session_data": ".eJxVjMEOwiAQBf-FsyGwgIBH7_0GsrAgVQNJaU_Gf9cmPej1zcx7sYDbWsM28hJmYhcG7PS7RUyP3HZAd2y3zlNv6zJHviv8oINPnfLzerh_BxVH_dY2IpDNkBzimci5knWOxhv0paAC8K4UJYXVZIVQIkWpQIJEY5PRPrL3BwTFN_s:1uqUWK:xkA1LVTiojmlzm-zZFODEhaZGah7lv--rveKTSOnPE4", "expire_date": "2025-09-08T10:33:48.610Z"}}, {"model": "sessions.session", "pk": "ggi0lpefkzzd29kancmwv6dozp8ggbu6", "fields": {"session_data": ".eJxVjDsOwjAQBe_iGlnYyfpDSZ8zWOvdFQ4gW4qTCnF3iJQC2jcz76USbmtJW5clzawuyqjT75aRHlJ3wHest6ap1XWZs94VfdCup8byvB7u30HBXr61h0ge7Dk4JjCWOKADociCdozeBAtMoxCGEF0EM6JIzJloEAwDOPX-AN3bOB8:1uesK2:C27W-g4IGvvKrs-xQi6vT3kJ36Q6RwdiNPrfwRLSVws", "expire_date": "2025-08-07T09:33:06.740Z"}}, {"model": "base.session", "pk": 1, "fields": {"name": "2024/2025", "start_date": "2025-07-19", "end_date": "2026-07-19"}}, {"model": "base.candidate", "pk": 1, "fields": {"level": 300, "matric_number": "NSC/2024/136", "full_name": "oladipo mercy", "passport": "passports/Sotannde_fathia.jpg", "session": 1}}, {"model": "base.candidate", "pk": 2, "fields": {"level": 400, "matric_number": "NSC/2024/129", "full_name": "ofili Mercy", "passport": "passports/adeyinka_ebunoluwa.jpg", "session": 1}}, {"model": "base.candidate", "pk": 3, "fields": {"level": 400, "matric_number": "NSC/2022/045", "full_name": "Kolade Fiyin", "passport": "passports/Onyenwere_Ifunanya.jpg", "session": 1}}, {"model": "base.candidate", "pk": 15, "fields": {"level": 300, "matric_number": "NSC/2022/152", "full_name": "ADEOLA Precious", "passport": "", "session": 1}}, {"model": "base.candidate", "pk": 16, "fields": {"level": 300, "matric_number": "NSC/2022/153", "full_name": "Princess Idiog", "passport": "", "session": 1}}, {"model": "base.candidate", "pk": 17, "fields": {"level": 300, "matric_number": "NSC/2022/154", "full_name": "Esther Olaleye", "passport": "", "session": 1}}, {"model": "base.candidate", "pk": 18, "fields": {"level": 300, "matric_number": "NSC/2022/155", "full_name": "Temiloluwa Awe", "passport": "", "session": 1}}, {"model": "base.candidate", "pk": 19, "fields": {"level": 300, "matric_number": "NSC/2022/156", "full_name": "Princess Favour", "passport": "", "session": 1}}, {"model": "base.candidate", "pk": 20, "fields": {"level": 300, "matric_number": "NSC/2022/157", "full_name": "Love Amaka", "passport": "", "session": 1}}, {"model": "base.candidate", "pk": 21, "fields": {"level": 300, "matric_number": "NSC/2022/158", "full_name": "Chiamaka Seun", "passport": "", "session": 1}}, {"model": "base.candidate", "pk": 22, "fields": {"level": 300, "matric_number": "NSC/2022/159", "full_name": "FAITH Ajadi", "passport": "", "session": 1}}, {"model": "base.candidate", "pk": 23, "fields": {"level": 300, "matric_number": "NSC/2022/160", "full_name": "Boluwatife Ajayi", "passport": "", "session": 1}}, {"model": "base.candidate", "pk": 24, "fields": {"level": 300, "matric_number": "NSC/2022/161", "full_name": "Precious Komolafe", "passport": "", "session": 1}}, {"model": "base.candidate", "pk": 25, "fields": {"level": 300, "matric_number": "NSC/2022/162", "full_name": "Emmanuel Adung", "passport": "", "session": 1}}, {"model": "base.procedurestation", "pk": 1, "fields": {"level": 300, "name": "Station 1", "description": "", "session": 1, "candidates": [1, 2, 3]}}, {"model": "base.procedurestation", "pk": 2, "fields": {"level": 400, "name": "Station 2", "description": "", "session": 1, "candidates": []}}, {"model": "base.procedurestation", "pk": 3, "fields": {"level": 400, "name": "Station 1", "description": "", "session": 1, "candidates": [2]}}, {"model": "base.activity", "pk": 1, "fields": {"station": 3, "description": "Explain the procedure to the client and obtains consent (1/2 mark)", "max_score": 0.5}}, {"model": "base.activity", "pk": 2, "fields": {"station": 1, "description": "Bring necessary equipment to the clientÆs bedside", "max_score": 0.25}}, {"model": "base.activity", "pk": 3, "fields": {"station": 2, "description": "Position the client supine with knees flexed and legs laterally rotated", "max_score": 0.5}}, {"model": "base.activity", "pk": 4, "fields": {"station": 2, "description": "Drape the client with a sheet so that only the perineum is exposed", "max_score": 1.0}}, {"model": "base.activity", "pk": 5, "fields": {"station": 1, "description": "Wash/sanitizes hands", "max_score": 0.5}}, {"model": "base.activity", "pk": 6, "fields": {"station": 1, "description": "Gently wipes excess mucus from the mouth and nose as the babyÆs head is born", "max_score": 1.0}}, {"model": "base.activity", "pk": 7, "fields": {"station": 1, "description": "Position baby on side or abdomen with the head slightly lower than the chest to drain mucus/secretion", "max_score": 1.0}}, {"model": "base.activity", "pk": 8, "fields": {"station": 1, "description": "Gently suctions the mouth, then nose using bulb penguin syringe", "max_score": 1.0}}, {"model": "base.activity", "pk": 9, "fields": {"station": 2, "description": "Avoid deep suctioning to prevent trauma or laryngospasm bradycardia", "max_score": 1.0}}, {"model": "base.activity", "pk": 10, "fields": {"station": 2, "description": "Ensure chest is breathing", "max_score": 0.5}}, {"model": "base.activity", "pk": 11, "fields": {"station": 2, "description": "Assess and report Apgar score", "max_score": 2.0}}, {"model": "base.activity", "pk": 12, "fields": {"station": 2, "description": "The umbilical cord is cut when the cord pulsation stops or 1-3 minutes after birth", "max_score": 1.0}}, {"model": "base.activity", "pk": 13, "fields": {"station": 2, "description": "Clamps cord in two places at 8-10cm from the umbilical cord, from the umbilicus and cuts in between with strict aseptic technique", "max_score": 1.0}}, {"model": "base.score", "pk": 1, "fields": {"candidate": 2, "activity": 1, "score": 0.5}}, {"model": "base.score", "pk": 2, "fields": {"candidate": 2, "activity": 2, "score": 0.06}}, {"model": "base.score", "pk": 3, "fields": {"candidate": 1, "activity": 1, "score": 0.38}}, {"model": "base.score", "pk": 4, "fields": {"candidate": 1, "activity": 2, "score": 0.12}}, {"model": "base.score", "pk": 5, "fields": {"candidate": 1, "activity": 3, "score": 0.12}}, {"model": "base.score", "pk": 6, "fields": {"candidate": 1, "activity": 4, "score": 0.5}}, {"model": "base.score", "pk": 7, "fields": {"candidate": 3, "activity": 3, "score": 0.0}}, {"model": "base.score", "pk": 8, "fields": {"candidate": 3, "activity": 4, "score": 0.25}}, {"model": "base.score", "pk": 9, "fields": {"candidate": 3, "activity": 1, "score": 0.12}}, {"model": "base.score", "pk": 10, "fields": {"candidate": 3, "activity": 2, "score": 0.06}}, {"model": "base.score", "pk": 11, "fields": {"candidate": 2, "activity": 3, "score": 0.12}}, {"model": "base.score", "pk": 12, "fields": {"candidate": 2, "activity": 4, "score": 0.75}}, {"model": "base.score", "pk": 17, "fields": {"candidate": 2, "activity": 9, "score": 1.0}}, {"model": "base.score", "pk": 18, "fields": {"candidate": 2, "activity": 10, "score": 0.0}}, {"model": "base.score", "pk": 19, "fields": {"candidate": 2, "activity": 11, "score": 1.5}}, {"model": "base.score", "pk": 20, "fields": {"candidate": 2, "activity": 12, "score": 0.5}}, {"model": "base.score", "pk": 21, "fields": {"candidate": 2, "activity": 13, "score": 1.0}}, {"model": "base.vivascore", "pk": 1, "fields": {"candidate": 1, "score": 5.1}}, {"model": "base.vivascore", "pk": 2, "fields": {"candidate": 2, "score": 6.0}}, {"model": "base.vivascore", "pk": 3, "fields": {"candidate": 3, "score": 9.0}}, {"model": "base.finalgrade", "pk": 1, "fields": {"candidate": 1, "viva": 5.1, "total": 6.22}}, {"model": "base.finalgrade", "pk": 2, "fields": {"candidate": 2, "viva": 6.0, "total": 11.43}}, {"model": "base.finalgrade", "pk": 3, "fields": {"candidate": 3, "viva": 9.0, "total": 9.43}}, {"model": "base.finalgrade", "pk": 15, "fields": {"candidate": 15, "viva": 0.0, "total": 0.0}}, {"model": "base.finalgrade", "pk": 16, "fields": {"candidate": 16, "viva": 0.0, "total": 0.0}}, {"model": "base.finalgrade", "pk": 17, "fields": {"candidate": 17, "viva": 0.0, "total": 0.0}}, {"model": "base.finalgrade", "pk": 18, "fields": {"candidate": 18, "viva": 0.0, "total": 0.0}}, {"model": "base.finalgrade", "pk": 19, "fields": {"candidate": 19, "viva": 0.0, "total": 0.0}}, {"model": "base.finalgrade", "pk": 20, "fields": {"candidate": 20, "viva": 0.0, "total": 0.0}}, {"model": "base.finalgrade", "pk": 21, "fields": {"candidate": 21, "viva": 0.0, "total": 0.0}}, {"model": "base.finalgrade", "pk": 22, "fields": {"candidate": 22, "viva": 0.0, "total": 0.0}}, {"model": "base.finalgrade", "pk": 23, "fields": {"candidate": 23, "viva": 0.0, "total": 0.0}}, {"model": "base.finalgrade", "pk": 24, "fields": {"candidate": 24, "viva": 0.0, "total": 0.0}}, {"model": "base.finalgrade", "pk": 25, "fields": {"candidate": 25, "viva": 0.0, "total": 0.0}}, {"model": "base.globalsettings", "pk": 1, "fields": {"active_session": 1, "active_level": 300}}, {"model": "admin.logentry", "pk": 1, "fields": {"action_time": "2025-07-19T20:56:56.837Z", "user": ["olale"], "content_type": ["base", "session"], "object_id": "1", "object_repr": "2024/2025", "action_flag": 1, "change_message": "[{\"added\": {}}]"}}, {"model": "admin.logentry", "pk": 2, "fields": {"action_time": "2025-07-19T20:57:07.784Z", "user": ["olale"], "content_type": ["base", "candidate"], "object_id": "1", "object_repr": "oladipo mercy (NSC/2024/136)", "action_flag": 1, "change_message": "[{\"added\": {}}]"}}, {"model": "admin.logentry", "pk": 3, "fields": {"action_time": "2025-07-19T20:58:58.993Z", "user": ["olale"], "content_type": ["base", "procedurestation"], "object_id": "1", "object_repr": "Station 1 - 2024/2025", "action_flag": 1, "change_message": "[{\"added\": {}}]"}}, {"model": "admin.logentry", "pk": 4, "fields": {"action_time": "2025-07-19T20:59:32.062Z", "user": ["olale"], "content_type": ["base", "activity"], "object_id": "1", "object_repr": "Explain the procedure to the c... (Station 1)", "action_flag": 1, "change_message": "[{\"added\": {}}]"}}, {"model": "admin.logentry", "pk": 5, "fields": {"action_time": "2025-07-20T15:48:21.890Z", "user": ["olale"], "content_type": ["base", "candidate"], "object_id": "2", "object_repr": "ofili Mercy (NSC/2024/131)", "action_flag": 1, "change_message": "[{\"added\": {}}]"}}, {"model": "admin.logentry", "pk": 6, "fields": {"action_time": "2025-07-20T15:49:31.043Z", "user": ["olale"], "content_type": ["base", "activity"], "object_id": "2", "object_repr": "Bring necessary equipment to t... (Station 1)", "action_flag": 1, "change_message": "[{\"added\": {}}]"}}, {"model": "admin.logentry", "pk": 7, "fields": {"action_time": "2025-07-20T16:06:37.670Z", "user": ["olale"], "content_type": ["base", "candidate"], "object_id": "2", "object_repr": "ofili Mercy (NSC/2024/129)", "action_flag": 2, "change_message": "[{\"changed\": {\"fields\": [\"Matric number\"]}}]"}}, {"model": "admin.logentry", "pk": 8, "fields": {"action_time": "2025-07-20T18:24:27.338Z", "user": ["olale"], "content_type": ["base", "procedurestation"], "object_id": "1", "object_repr": "Station 1 - 2024/2025", "action_flag": 2, "change_message": "[{\"changed\": {\"fields\": [\"Candidates\"]}}]"}}, {"model": "admin.logentry", "pk": 9, "fields": {"action_time": "2025-07-20T18:59:34.341Z", "user": ["olale"], "content_type": ["base", "procedurestation"], "object_id": "1", "object_repr": "Station 1 - 2024/2025", "action_flag": 2, "change_message": "[{\"changed\": {\"fields\": [\"Candidates\"]}}]"}}, {"model": "admin.logentry", "pk": 10, "fields": {"action_time": "2025-07-21T08:32:15.689Z", "user": ["olale"], "content_type": ["base", "procedurestation"], "object_id": "2", "object_repr": "Station 2 - 2024/2025", "action_flag": 1, "change_message": "[{\"added\": {}}]"}}, {"model": "admin.logentry", "pk": 11, "fields": {"action_time": "2025-07-21T08:33:18.787Z", "user": ["olale"], "content_type": ["base", "candidate"], "object_id": "3", "object_repr": "Kolade Fiyin (NSC/2022/045)", "action_flag": 1, "change_message": "[{\"added\": {}}]"}}, {"model": "admin.logentry", "pk": 12, "fields": {"action_time": "2025-07-21T08:34:58.919Z", "user": ["olale"], "content_type": ["base", "activity"], "object_id": "3", "object_repr": "Position the client supine wit... (Station 2)", "action_flag": 1, "change_message": "[{\"added\": {}}]"}}, {"model": "admin.logentry", "pk": 13, "fields": {"action_time": "2025-07-21T08:35:33.520Z", "user": ["olale"], "content_type": ["base", "activity"], "object_id": "4", "object_repr": "Drape the client with a sheet ... (Station 2)", "action_flag": 1, "change_message": "[{\"added\": {}}]"}}, {"model": "admin.logentry", "pk": 14, "fields": {"action_time": "2025-07-21T08:36:08.307Z", "user": ["olale"], "content_type": ["base", "procedurestation"], "object_id": "2", "object_repr": "Station 2 - 2024/2025", "action_flag": 2, "change_message": "[{\"changed\": {\"fields\": [\"Candidates\"]}}]"}}, {"model": "admin.logentry", "pk": 15, "fields": {"action_time": "2025-07-22T09:34:06.152Z", "user": ["olale"], "content_type": ["base", "procedurestation"], "object_id": "1", "object_repr": "Station 1 - 2024/2025", "action_flag": 2, "change_message": "[{\"changed\": {\"fields\": [\"Candidates\"]}}]"}}, {"model": "admin.logentry", "pk": 16, "fields": {"action_time": "2025-08-08T17:50:12.178Z", "user": ["olale"], "content_type": ["base", "candidate"], "object_id": "3", "object_repr": "Kolade Fiyin (NSC/2022/045)", "action_flag": 2, "change_message": "[{\"changed\": {\"fields\": [\"Level\"]}}]"}}, {"model": "admin.logentry", "pk": 17, "fields": {"action_time": "2025-08-08T17:50:22.751Z", "user": ["olale"], "content_type": ["base", "candidate"], "object_id": "2", "object_repr": "ofili Mercy (NSC/2024/129)", "action_flag": 2, "change_message": "[{\"changed\": {\"fields\": [\"Level\"]}}]"}}, {"model": "admin.logentry", "pk": 18, "fields": {"action_time": "2025-08-08T17:52:46.025Z", "user": ["olale"], "content_type": ["base", "candidate"], "object_id": "1", "object_repr": "oladipo mercy (NSC/2024/136)", "action_flag": 2, "change_message": "[{\"changed\": {\"fields\": [\"Level\"]}}]"}}, {"model": "admin.logentry", "pk": 19, "fields": {"action_time": "2025-08-08T17:52:50.421Z", "user": ["olale"], "content_type": ["base", "candidate"], "object_id": "1", "object_repr": "oladipo mercy (NSC/2024/136)", "action_flag": 2, "change_message": "[]"}}, {"model": "admin.logentry", "pk": 20, "fields": {"action_time": "2025-08-08T17:52:57.208Z", "user": ["olale"], "content_type": ["base", "candidate"], "object_id": "2", "object_repr": "ofili Mercy (NSC/2024/129)", "action_flag": 2, "change_message": "[]"}}, {"model": "admin.logentry", "pk": 21, "fields": {"action_time": "2025-08-08T17:53:00.979Z", "user": ["olale"], "content_type": ["base", "candidate"], "object_id": "3", "object_repr": "Kolade Fiyin (NSC/2022/045)", "action_flag": 2, "change_message": "[]"}}, {"model": "admin.logentry", "pk": 22, "fields": {"action_time": "2025-08-08T19:14:48.899Z", "user": ["olale"], "content_type": ["base", "procedurestation"], "object_id": "1", "object_repr": "Station 1 - 2024/2025", "action_flag": 2, "change_message": "[{\"changed\": {\"fields\": [\"Level\"]}}]"}}, {"model": "admin.logentry", "pk": 23, "fields": {"action_time": "2025-08-08T20:46:03.405Z", "user": ["olale"], "content_type": ["base", "globalsettings"], "object_id": "1", "object_repr": "Current Settings (Session: 2024/2025, Level: None)", "action_flag": 2, "change_message": "[{\"changed\": {\"fields\": [\"Active level\"]}}]"}}, {"model": "admin.logentry", "pk": 24, "fields": {"action_time": "2025-08-08T20:46:19.546Z", "user": ["olale"], "content_type": ["base", "globalsettings"], "object_id": "1", "object_repr": "Current Settings (Session: 2024/2025, Level: 300 Level)", "action_flag": 2, "change_message": "[{\"changed\": {\"fields\": [\"Active level\"]}}]"}}, {"model": "admin.logentry", "pk": 25, "fields": {"action_time": "2025-08-09T12:29:09.709Z", "user": ["olale"], "content_type": ["base", "procedurestation"], "object_id": "1", "object_repr": "Station 1 - 2024/2025", "action_flag": 2, "change_message": "[{\"changed\": {\"fields\": [\"Level\"]}}]"}}, {"model": "admin.logentry", "pk": 26, "fields": {"action_time": "2025-08-09T12:31:52.903Z", "user": ["olale"], "content_type": ["base", "procedurestation"], "object_id": "3", "object_repr": "Station 1 - 2024/2025", "action_flag": 1, "change_message": "[{\"added\": {}}]"}}, {"model": "admin.logentry", "pk": 27, "fields": {"action_time": "2025-08-09T12:42:15.374Z", "user": ["olale"], "content_type": ["base", "activity"], "object_id": "1", "object_repr": "Explain the procedure to the c... (Station 1)", "action_flag": 2, "change_message": "[]"}}, {"model": "admin.logentry", "pk": 28, "fields": {"action_time": "2025-08-09T12:43:01.964Z", "user": ["olale"], "content_type": ["base", "activity"], "object_id": "1", "object_repr": "Explain the procedure to the c... (Station 1)", "action_flag": 2, "change_message": "[{\"changed\": {\"fields\": [\"Station\"]}}]"}}, {"model": "admin.logentry", "pk": 29, "fields": {"action_time": "2025-08-09T15:36:09.282Z", "user": ["olale"], "content_type": ["base", "procedurestation"], "object_id": "2", "object_repr": "Station 2 - 2024/2025", "action_flag": 2, "change_message": "[{\"changed\": {\"fields\": [\"Level\", \"Candidates\"]}}]"}}, {"model": "admin.logentry", "pk": 30, "fields": {"action_time": "2025-08-12T06:53:45.670Z", "user": ["olale"], "content_type": ["base", "candidate"], "object_id": "14", "object_repr": "Emmanuel Adung (NSC2022162)", "action_flag": 3, "change_message": ""}}, {"model": "admin.logentry", "pk": 31, "fields": {"action_time": "2025-08-12T06:53:45.671Z", "user": ["olale"], "content_type": ["base", "candidate"], "object_id": "13", "object_repr": "Precious Komolafe (NSC2022161)", "action_flag": 3, "change_message": ""}}, {"model": "admin.logentry", "pk": 32, "fields": {"action_time": "2025-08-12T06:53:45.671Z", "user": ["olale"], "content_type": ["base", "candidate"], "object_id": "12", "object_repr": "Boluwatife Ajayi (NSC2022160)", "action_flag": 3, "change_message": ""}}, {"model": "admin.logentry", "pk": 33, "fields": {"action_time": "2025-08-12T06:53:45.671Z", "user": ["olale"], "content_type": ["base", "candidate"], "object_id": "11", "object_repr": "FAITH Ajadi (NSC2022159)", "action_flag": 3, "change_message": ""}}, {"model": "admin.logentry", "pk": 34, "fields": {"action_time": "2025-08-12T06:53:45.671Z", "user": ["olale"], "content_type": ["base", "candidate"], "object_id": "10", "object_repr": "Chiamaka Seun (NSC2022158)", "action_flag": 3, "change_message": ""}}, {"model": "admin.logentry", "pk": 35, "fields": {"action_time": "2025-08-12T06:53:45.671Z", "user": ["olale"], "content_type": ["base", "candidate"], "object_id": "9", "object_repr": "Love Amaka (NSC2022157)", "action_flag": 3, "change_message": ""}}, {"model": "admin.logentry", "pk": 36, "fields": {"action_time": "2025-08-12T06:53:45.671Z", "user": ["olale"], "content_type": ["base", "candidate"], "object_id": "8", "object_repr": "Princess Favour (NSC2022156)", "action_flag": 3, "change_message": ""}}, {"model": "admin.logentry", "pk": 37, "fields": {"action_time": "2025-08-12T06:53:45.671Z", "user": ["olale"], "content_type": ["base", "candidate"], "object_id": "7", "object_repr": "Temiloluwa Awe (NSC2022155)", "action_flag": 3, "change_message": ""}}, {"model": "admin.logentry", "pk": 38, "fields": {"action_time": "2025-08-12T06:53:45.671Z", "user": ["olale"], "content_type": ["base", "candidate"], "object_id": "6", "object_repr": "Esther Olaleye (NSC2022154)", "action_flag": 3, "change_message": ""}}, {"model": "admin.logentry", "pk": 39, "fields": {"action_time": "2025-08-12T06:53:45.671Z", "user": ["olale"], "content_type": ["base", "candidate"], "object_id": "5", "object_repr": "Princess Idiog (NSC2022153)", "action_flag": 3, "change_message": ""}}, {"model": "admin.logentry", "pk": 40, "fields": {"action_time": "2025-08-12T06:53:45.671Z", "user": ["olale"], "content_type": ["base", "candidate"], "object_id": "4", "object_repr": "ADEOLA Precious (NSC2022152)", "action_flag": 3, "change_message": ""}}]
